Attribute,Value,Meaning
ALTER_HH,0,unknown / no main age detectable
,0,no classification possible
,1,passive elderly
,2,cultural elderly
,3,experience-driven elderly
AGER_TYP,-1,unknown
,1,< 30 years
,2,30 - 45 years
,3,46 - 60 years
,4,> 60 years
,9,uniformly distributed
ALTERSKATEGORIE_GROB,"-1, 0",unknown
,1,01.01.1895 bis 31.12.1899
,2,01.01.1900 bis 31.12.1904
,3,01.01.1905 bis 31.12.1909
,4,01.01.1910 bis 31.12.1914
,5,01.01.1915 bis 31.12.1919
,6,01.01.1920 bis 31.12.1924
,7,01.01.1925 bis 31.12.1929
,8,01.01.1930 bis 31.12.1934
,9,01.01.1935 bis 31.12.1939
,10,01.01.1940 bis 31.12.1944
,11,01.01.1945 bis 31.12.1949
,12,01.01.1950 bis 31.12.1954
,13,01.01.1955 bis 31.12.1959
,14,01.01.1960 bis 31.12.1964
,15,01.01.1965 bis 31.12.1969
,16,01.01.1970 bis 31.12.1974
,17,01.01.1975 bis 31.12.1979
,18,01.01.1980 bis 31.12.1984
,19,01.01.1985 bis 31.12.1989
,20,01.01.1990 bis 31.12.1994
,21,01.01.1995 bis 31.12.1999
ANREDE_KZ,"-1, 0",unknown
,1,male
,2,female
ANZ_HAUSHALTE_AKTIV,…,numeric value (typically coded from 1-10)
ANZ_HH_TITEL,…,numeric value (typically coded from 1-10)
ANZ_PERSONEN,…,numeric value (typically coded from 1-3)
ANZ_TITEL,…,numeric value (typically coded from 1-10)
BALLRAUM,-1,unknown
,1,till 10 km
,2,10 - 20 km
,3,20 - 30 km
,4,30 - 40 km
,5,40 - 50 km
,6,50-100 km
,7,more than 100 km 
BIP_FLAG,-1,unknown
,0,no company in the building
,1,company in the building
CAMEO_DEUG_2015,-1,unknown
,1,upper class
,2,upper middleclass
,3,established middleclasse
,4,consumption-oriented middleclass 
,5,active middleclass 
,6,low-consumption middleclass
,7,lower middleclass
,8,working class
,9,urban working class
CAMEO_DEU_2015,1A,Work-Life-Balance
,1B,Wealthy Best Ager
,1C,Successful Songwriter
,1D,Old Nobility
,1E,City Nobility
,2A,Cottage Chic
,2B,Noble Jogger
,2C,Established gourmet
,2D,Fine Management
,3A,Career & Family
,3B,Powershopping Families
,3C,Rural Neighborhood
,3D,Secure Retirement
,4A,Family Starter
,4B,Family Life
,4C,String Trimmer
,4D,Empty Nest
,4E,Golden Ager
,5A,Younger Employees
,5B,Suddenly Family
,5C,Family First
,5D,Stock Market Junkies
,5E,Coffee Rider
,5F,Active Retirement
,6A,Jobstarter
,6B,Petty Bourgeois
,6C,Long-established
,6D,Sportgardener
,6E,Urban Parents
,6F,Frugal Aging
,7A,Journeymen
,7B,Mantaplatte
,7C,Factory Worker
,7D,Rear Window
,7E,Interested Retirees
,8A,Multi-culteral
,8B,Young & Mobile
,8C,Prefab
,8D,Town Seniors
,9A,First Shared Apartment
,9B,Temporary Workers
,9C,Afternoon Talk Show
,9D,Mini-Jobber
,9E,Socking Away
CAMEO_DEUINTL_2015,-1,unknown
,11,Wealthy Households-Pre-Family Couples & Singles
,12,Wealthy Households-Young Couples With Children
,13,Wealthy Households-Families With School Age Children
,14,Wealthy Households-Older Families &  Mature Couples
,15,Wealthy Households-Elders In Retirement
,21,Prosperous Households-Pre-Family Couples & Singles
,22,Prosperous Households-Young Couples With Children
,23,Prosperous Households-Families With School Age Children
,24,Prosperous Households-Older Families & Mature Couples
,25,Prosperous Households-Elders In Retirement
,31,Comfortable Households-Pre-Family Couples & Singles
,32,Comfortable Households-Young Couples With Children
,33,Comfortable Households-Families With School Age Children
,34,Comfortable Households-Older Families & Mature Couples
,35,Comfortable Households-Elders In Retirement
,41,Less Affluent Households-Pre-Family Couples & Singles
,42,Less Affluent Households-Young Couples With Children
,43,Less Affluent Households-Families With School Age Children
,44,Less Affluent Households-Older Families & Mature Couples
,45,Less Affluent Households-Elders In Retirement
,51,Poorer Households-Pre-Family Couples & Singles
,52,Poorer Households-Young Couples With Children
,53,Poorer Households-Families With School Age Children
,54,Poorer Households-Older Families & Mature Couples
,55,Poorer Households-Elders In Retirement
CJT_GESAMTTYP,0,unknown
,1,Advertising- and Consumptionminimalist
,2,Advertising- and Consumptiontraditionalist
,3,advertisinginterested Store-shopper
,4,advertisinginterested Online-shopper
,5,Advertising- and Cross-Channel-Enthusiast
,6,Advertising-Enthusiast with restricted Cross-Channel-Behaviour 
D19_BANKEN_ANZ_12,0,no transactions known
,1,very low activity
,2,low activity
,3,slightly increased activity
,4,increased activity
,5,high activity
,6,very high activity
D19_BANKEN_ANZ_24,0,no transactions known
,1,very low activity
,2,low activity
,3,slightly increased activity
,4,increased activity
,5,high activity
,6,very high activity
D19_BANKEN_DATUM,1,highest activity within the last 12 months
,2,very high activity within the last 12 months
,3,high activity within the last 12 months
,4,increased activity within the last 12 months
,5,slightly increased activity within the last 12 months
,6,activity elder than 1 year
,7,"activity elder than 1,5 years"
,8,activity elder than 2 years
,9,activity elder than 3 years
,10,no transactions known
D19_BANKEN_DIREKT_RZ,0,no transaction known
,1,Multibuyer 0-12 months
,2,Doublebuyer 0-12 months
,3,Singlebuyer 0-12 months
,4,Multi-/Doublebuyer 13-24 months
,5,Singlebuyer 13-24 months
,6,Buyer > 24 months
,7,Prospects > 24 months
D19_BANKEN_GROSS_RZ,0,no transaction known
,1,Multibuyer 0-12 months
,2,Doublebuyer 0-12 months
,3,Singlebuyer 0-12 months
,4,Multi-/Doublebuyer 13-24 months
,5,Singlebuyer 13-24 months
,6,Buyer > 24 months
,7,Prospects > 24 months
D19_BANKEN_LOKAL_RZ,0,no transaction known
,1,Multibuyer 0-12 months
,2,Doublebuyer 0-12 months
,3,Singlebuyer 0-12 months
,4,Multi-/Doublebuyer 13-24 months
,5,Singlebuyer 13-24 months
,6,Buyer > 24 months
,7,Prospects > 24 months
D19_BANKEN_OFFLINE_DATUM,1,highest activity within the last 12 months
,2,very high activity within the last 12 months
,3,high activity within the last 12 months
,4,increased activity within the last 12 months
,5,slightly increased activity within the last 12 months
,6,activity elder than 12 months
,7,activity elder than 18 months
,8,activity elder than 24 months
,9,activity elder than 36 months
,10,no transactions known
D19_BANKEN_ONLINE_DATUM,1,highest activity within the last 12 months
,2,very high activity within the last 12 months
,3,high activity within the last 12 months
,4,increased activity within the last 12 months
,5,slightly increased activity within the last 12 months
,6,activity elder than 12 months
,7,activity elder than 18 months
,8,activity elder than 24 months
,9,activity elder than 36 months
,10,no transactions known
D19_BANKEN_ONLINE_QUOTE_12,0,no Online-transactions within the last 12 months
,1,10% Online-transactions within the last 12 months
,2,20% Online-transactions within the last 12 months
,3,30% Online-transactions within the last 12 months
,4,40% Online-transactions within the last 12 months
,5,50% Online-transactions within the last 12 months
,6,60% Online-transactions within the last 12 months
,7,70% Online-transactions within the last 12 months
,8,80% Online-transactions within the last 12 months
,9,90% Online-transactions within the last 12 months
,10,100% Online-transactions within the last 12 months
D19_BANKEN_REST_RZ,0,no transaction known
,1,Multibuyer 0-12 months
,2,Doublebuyer 0-12 months
,3,Singlebuyer 0-12 months
,4,Multi-/Doublebuyer 13-24 months
,5,Singlebuyer 13-24 months
,6,Buyer > 24 months
,7,Prospects > 24 months
D19_BEKLEIDUNG_GEH_RZ,0,no transaction known
,1,Multibuyer 0-12 months
,2,Doublebuyer 0-12 months
,3,Singlebuyer 0-12 months
,4,Multi-/Doublebuyer 13-24 months
,5,Singlebuyer 13-24 months
,6,Buyer > 24 months
,7,Prospects > 24 months
D19_BEKLEIDUNG_REST_RZ,0,no transaction known
,1,Multibuyer 0-12 months
,2,Doublebuyer 0-12 months
,3,Singlebuyer 0-12 months
,4,Multi-/Doublebuyer 13-24 months
,5,Singlebuyer 13-24 months
,6,Buyer > 24 months
,7,Prospects > 24 months
D19_BILDUNG_RZ,0,no transaction known
,1,Multibuyer 0-12 months
,2,Doublebuyer 0-12 months
,3,Singlebuyer 0-12 months
,4,Multi-/Doublebuyer 13-24 months
,5,Singlebuyer 13-24 months
,6,Buyer > 24 months
,7,Prospects > 24 months
D19_BIO_OEKO_RZ,0,no transaction known
,1,Multibuyer 0-12 months
,2,Doublebuyer 0-12 months
,3,Singlebuyer 0-12 months
,4,Multi-/Doublebuyer 13-24 months
,5,Singlebuyer 13-24 months
,6,Buyer > 24 months
,7,Prospects > 24 months
D19_BUCH_RZ,0,no transaction known
,1,Multibuyer 0-12 months
,2,Doublebuyer 0-12 months
,3,Singlebuyer 0-12 months
,4,Multi-/Doublebuyer 13-24 months
,5,Singlebuyer 13-24 months
,6,Buyer > 24 months
,7,Prospects > 24 months
D19_DIGIT_SERV_RZ,0,no transaction known
,1,Multibuyer 0-12 months
,2,Doublebuyer 0-12 months
,3,Singlebuyer 0-12 months
,4,Multi-/Doublebuyer 13-24 months
,5,Singlebuyer 13-24 months
,6,Buyer > 24 months
,7,Prospects > 24 months
D19_DROGERIEARTIKEL_RZ,0,no transaction known
,1,Multibuyer 0-12 months
,2,Doublebuyer 0-12 months
,3,Singlebuyer 0-12 months
,4,Multi-/Doublebuyer 13-24 months
,5,Singlebuyer 13-24 months
,6,Buyer > 24 months
,7,Prospects > 24 months
D19_ENERGIE_RZ,0,no transaction known
,1,Multibuyer 0-12 months
,2,Doublebuyer 0-12 months
,3,Singlebuyer 0-12 months
,4,Multi-/Doublebuyer 13-24 months
,5,Singlebuyer 13-24 months
,6,Buyer > 24 months
,7,Prospects > 24 months
D19_FREIZEIT_RZ,0,no transaction known
,1,Multibuyer 0-12 months
,2,Doublebuyer 0-12 months
,3,Singlebuyer 0-12 months
,4,Multi-/Doublebuyer 13-24 months
,5,Singlebuyer 13-24 months
,6,Buyer > 24 months
,7,Prospects > 24 months
D19_GARTEN_RZ,0,no transaction known
,1,Multibuyer 0-12 months
,2,Doublebuyer 0-12 months
,3,Singlebuyer 0-12 months
,4,Multi-/Doublebuyer 13-24 months
,5,Singlebuyer 13-24 months
,6,Buyer > 24 months
,7,Prospects > 24 months
D19_GESAMT_ANZ_12,0,no transactions known
,1,very low activity
,2,low activity
,3,slightly increased activity
,4,increased activity
,5,high activity
,6,very high activity
D19_GESAMT_ANZ_24,0,no transactions known
,1,very low activity
,2,low activity
,3,slightly increased activity
,4,increased activity
,5,high activity
,6,very high activity
D19_GESAMT_DATUM,1,highest activity within the last 12 months
,2,very high activity within the last 12 months
,3,high activity within the last 12 months
,4,increased activity within the last 12 months
,5,slightly increased activity within the last 12 months
,6,activity elder than 1 year
,7,"activity elder than 1,5 years"
,8,activity elder than 2 years
,9,activity elder than 3 years
,10,no transactions known
D19_GESAMT_OFFLINE_DATUM,1,highest activity within the last 12 months
,2,very high activity within the last 12 months
,3,high activity within the last 12 months
,4,increased activity within the last 12 months
,5,slightly increased activity within the last 12 months
,6,activity elder than 1 year
,7,"activity elder than 1,5 years"
,8,activity elder than 2 years
,9,activity elder than 3 years
,10,no transactions known
D19_GESAMT_ONLINE_DATUM,1,highest activity within the last 12 months
,2,very high activity within the last 12 months
,3,high activity within the last 12 months
,4,increased activity within the last 12 months
,5,slightly increased activity within the last 12 months
,6,activity elder than 1 year
,7,"activity elder than 1,5 years"
,8,activity elder than 2 years
,9,activity elder than 3 years
,10,no transactions known
D19_GESAMT_ONLINE_QUOTE_12,0,no Online-transactions within the last 12 months
,1,10% Online-transactions within the last 12 months
,2,20% Online-transactions within the last 12 months
,3,30% Online-transactions within the last 12 months
,4,40% Online-transactions within the last 12 months
,5,50% Online-transactions within the last 12 months
,6,60% Online-transactions within the last 12 months
,7,70% Online-transactions within the last 12 months
,8,80% Online-transactions within the last 12 months
,9,90% Online-transactions within the last 12 months
,10,100% Online-transactions within the last 12 months
D19_HANDWERK_RZ,0,no transaction known
,1,Multibuyer 0-12 months
,2,Doublebuyer 0-12 months
,3,Singlebuyer 0-12 months
,4,Multi-/Doublebuyer 13-24 months
,5,Singlebuyer 13-24 months
,6,Buyer > 24 months
,7,Prospects > 24 months
D19_HAUS_DEKO_RZ,0,no transaction known
,1,Multibuyer 0-12 months
,2,Doublebuyer 0-12 months
,3,Singlebuyer 0-12 months
,4,Multi-/Doublebuyer 13-24 months
,5,Singlebuyer 13-24 months
,6,Buyer > 24 months
,7,Prospects > 24 months
D19_KINDERARTIKEL_RZ,0,no transaction known
,1,Multibuyer 0-12 months
,2,Doublebuyer 0-12 months
,3,Singlebuyer 0-12 months
,4,Multi-/Doublebuyer 13-24 months
,5,Singlebuyer 13-24 months
,6,Buyer > 24 months
,7,Prospects > 24 months
D19_KONSUMTYP,1,Universal
,2,Versatile
,3,Gourmet
,4,Family
,5,Informed 
,6,Modern
,9,Inactive
D19_KK_KUNDENTYP,-1,unknown
,1,regular customer
,2,active customer
,3,new costumer
,4,stray customer
,5,inactive customer 
,6,passive customer
D19_KOSMETIK_RZ,0,no transaction known
,1,Multibuyer 0-12 months
,2,Doublebuyer 0-12 months
,3,Singlebuyer 0-12 months
,4,Multi-/Doublebuyer 13-24 months
,5,Singlebuyer 13-24 months
,6,Buyer > 24 months
,7,Prospects > 24 months
D19_LEBENSMITTEL_RZ,0,no transaction known
,1,Multibuyer 0-12 months
,2,Doublebuyer 0-12 months
,3,Singlebuyer 0-12 months
,4,Multi-/Doublebuyer 13-24 months
,5,Singlebuyer 13-24 months
,6,Buyer > 24 months
,7,Prospects > 24 months
D19_LOTTO_RZ,0,no transaction known
,1,Multibuyer 0-12 months
,2,Doublebuyer 0-12 months
,3,Singlebuyer 0-12 months
,4,Multi-/Doublebuyer 13-24 months
,5,Singlebuyer 13-24 months
,6,Buyer > 24 months
,7,Prospects > 24 months
D19_NAHRUNGSERGAENZUNG_RZ,0,no transaction known
,1,Multibuyer 0-12 months
,2,Doublebuyer 0-12 months
,3,Singlebuyer 0-12 months
,4,Multi-/Doublebuyer 13-24 months
,5,Singlebuyer 13-24 months
,6,Buyer > 24 months
,7,Prospects > 24 months
D19_RATGEBER_RZ,0,no transaction known
,1,Multibuyer 0-12 months
,2,Doublebuyer 0-12 months
,3,Singlebuyer 0-12 months
,4,Multi-/Doublebuyer 13-24 months
,5,Singlebuyer 13-24 months
,6,Buyer > 24 months
,7,Prospects > 24 months
D19_REISEN_RZ,0,no transaction known
,1,Multibuyer 0-12 months
,2,Doublebuyer 0-12 months
,3,Singlebuyer 0-12 months
,4,Multi-/Doublebuyer 13-24 months
,5,Singlebuyer 13-24 months
,6,Buyer > 24 months
,7,Prospects > 24 months
D19_SAMMELARTIKEL_RZ,0,no transaction known
,1,Multibuyer 0-12 months
,2,Doublebuyer 0-12 months
,3,Singlebuyer 0-12 months
,4,Multi-/Doublebuyer 13-24 months
,5,Singlebuyer 13-24 months
,6,Buyer > 24 months
,7,Prospects > 24 months
D19_SCHUHE_RZ,0,no transaction known
,1,Multibuyer 0-12 months
,2,Doublebuyer 0-12 months
,3,Singlebuyer 0-12 months
,4,Multi-/Doublebuyer 13-24 months
,5,Singlebuyer 13-24 months
,6,Buyer > 24 months
,7,Prospects > 24 months
D19_SONSTIGE_RZ,0,no transaction known
,1,Multibuyer 0-12 months
,2,Doublebuyer 0-12 months
,3,Singlebuyer 0-12 months
,4,Multi-/Doublebuyer 13-24 months
,5,Singlebuyer 13-24 months
,6,Buyer > 24 months
,7,Prospects > 24 months
D19_TECHNIK_RZ,0,no transaction known
,1,Multibuyer 0-12 months
,2,Doublebuyer 0-12 months
,3,Singlebuyer 0-12 months
,4,Multi-/Doublebuyer 13-24 months
,5,Singlebuyer 13-24 months
,6,Buyer > 24 months
,7,Prospects > 24 months
D19_TELKO_ANZ_12,0,no transactions known
,1,very low activity
,2,low activity
,3,slightly increased activity
,4,increased activity
,5,high activity
,6,very high activity
D19_TELKO_ANZ_24,0,no transactions known
,1,very low activity
,2,low activity
,3,slightly increased activity
,4,increased activity
,5,high activity
,6,very high activity
D19_TELKO_DATUM,1,highest activity within the last 12 months
,2,very high activity within the last 12 months
,3,high activity within the last 12 months
,4,increased activity within the last 12 months
,5,slightly increased activity within the last 12 months
,6,activity elder than 1 year
,7,"activity elder than 1,5 years"
,8,activity elder than 2 years
,9,activity elder than 3 years
,10,no transactions known
D19_TELKO_MOBILE_RZ,0,no transaction known
,1,Multibuyer 0-12 months
,2,Doublebuyer 0-12 months
,3,Singlebuyer 0-12 months
,4,Multi-/Doublebuyer 13-24 months
,5,Singlebuyer 13-24 months
,6,Buyer > 24 months
,7,Prospects > 24 months
D19_TELKO_OFFLINE_DATUM,1,highest activity within the last 12 months
,2,very high activity within the last 12 months
,3,high activity within the last 12 months
,4,increased activity within the last 12 months
,5,slightly increased activity within the last 12 months
,6,activity elder than 1 year
,7,"activity elder than 1,5 years"
,8,activity elder than 2 years
,9,activity elder than 3 years
,10,no transactions known
D19_TELKO_ONLINE_DATUM,1,highest activity within the last 12 months
,2,very high activity within the last 12 months
,3,high activity within the last 12 months
,4,increased activity within the last 12 months
,5,slightly increased activity within the last 12 months
,6,activity elder than 1 year
,7,"activity elder than 1,5 years"
,8,activity elder than 2 years
,9,activity elder than 3 years
,10,no transactions known
D19_TELKO_REST_RZ,0,no transaction known
,1,Multibuyer 0-12 months
,2,Doublebuyer 0-12 months
,3,Singlebuyer 0-12 months
,4,Multi-/Doublebuyer 13-24 months
,5,Singlebuyer 13-24 months
,6,Buyer > 24 months
,7,Prospects > 24 months
D19_TIERARTIKEL_RZ,0,no transaction known
,1,Multibuyer 0-12 months
,2,Doublebuyer 0-12 months
,3,Singlebuyer 0-12 months
,4,Multi-/Doublebuyer 13-24 months
,5,Singlebuyer 13-24 months
,6,Buyer > 24 months
,7,Prospects > 24 months
D19_VERSAND_ANZ_12,0,no transactions known
,1,very low activity
,2,low activity
,3,slightly increased activity
,4,increased activity
,5,high activity
,6,very high activity
D19_VERSAND_ANZ_24,0,no transactions known
,1,very low activity
,2,low activity
,3,slightly increased activity
,4,increased activity
,5,high activity
,6,very high activity
D19_VERSAND_DATUM,1,highest activity within the last 12 months
,2,very high activity within the last 12 months
,3,high activity within the last 12 months
,4,increased activity within the last 12 months
,5,slightly increased activity within the last 12 months
,6,activity elder than 1 year
,7,"activity elder than 1,5 years"
,8,activity elder than 2 years
,9,activity elder than 3 years
,10,no transactions known
D19_VERSAND_OFFLINE_DATUM,1,highest activity within the last 12 months
,2,very high activity within the last 12 months
,3,high activity within the last 12 months
,4,increased activity within the last 12 months
,5,slightly increased activity within the last 12 months
,6,activity elder than 1 year
,7,"activity elder than 1,5 years"
,8,activity elder than 2 years
,9,activity elder than 3 years
,10,no transactions known
D19_VERSAND_ONLINE_DATUM,1,highest activity within the last 12 months
,2,very high activity within the last 12 months
,3,high activity within the last 12 months
,4,increased activity within the last 12 months
,5,slightly increased activity within the last 12 months
,6,activity elder than 1 year
,7,"activity elder than 1,5 years"
,8,activity elder than 2 years
,9,activity elder than 3 years
,10,no transactions known
D19_VERSAND_ONLINE_QUOTE_12,0,no Online-transactions within the last 12 months
,1,10% Online-transactions within the last 12 months
,2,20% Online-transactions within the last 12 months
,3,30% Online-transactions within the last 12 months
,4,40% Online-transactions within the last 12 months
,5,50% Online-transactions within the last 12 months
,6,60% Online-transactions within the last 12 months
,7,70% Online-transactions within the last 12 months
,8,80% Online-transactions within the last 12 months
,9,90% Online-transactions within the last 12 months
,10,100% Online-transactions within the last 12 months
D19_VERSAND_REST_RZ,0,no transaction known
,1,Multibuyer 0-12 months
,2,Doublebuyer 0-12 months
,3,Singlebuyer 0-12 months
,4,Multi-/Doublebuyer 13-24 months
,5,Singlebuyer 13-24 months
,6,Buyer > 24 months
,7,Prospects > 24 months
D19_VERSICHERUNGEN_RZ,0,no transaction known
,1,Multibuyer 0-12 months
,2,Doublebuyer 0-12 months
,3,Singlebuyer 0-12 months
,4,Multi-/Doublebuyer 13-24 months
,5,Singlebuyer 13-24 months
,6,Buyer > 24 months
,7,Prospects > 24 months
D19_VERSI_ANZ_12,0,no transactions known
,1,very low activity
,2,low activity
,3,slightly increased activity
,4,increased activity
,5,high activity
,6,very high activity
D19_VERSI_ANZ_24,0,no transactions known
,1,very low activity
,2,low activity
,3,slightly increased activity
,4,increased activity
,5,high activity
,6,very high activity
D19_VOLLSORTIMENT_RZ,0,no transaction known
,1,Multibuyer 0-12 months
,2,Doublebuyer 0-12 months
,3,Singlebuyer 0-12 months
,4,Multi-/Doublebuyer 13-24 months
,5,Singlebuyer 13-24 months
,6,Buyer > 24 months
,7,Prospects > 24 months
D19_WEIN_FEINKOST_RZ,0,no transaction known
,1,Multibuyer 0-12 months
,2,Doublebuyer 0-12 months
,3,Singlebuyer 0-12 months
,4,Multi-/Doublebuyer 13-24 months
,5,Singlebuyer 13-24 months
,6,Buyer > 24 months
,7,Prospects > 24 months
EWDICHTE,-1,unknown
,1,less than 34 HH/km²
,2,34 - 89 HH/km²
,3,90 - 149 HH/km²
,4,150 - 319 HH/km²
,5,320 - 999 HH/km²
,6,more than 999 HH/²
FINANZTYP,-1,unknown
,1,low finacial interest
,2,money saver
,3,main focus is the own house
,4,be prepared
,5,Investor
,6,unremarkable
FINANZ_ANLEGER,-1,unknown
,1,very high
,2,high
,3,average
,4,low
,5,very low
FINANZ_HAUSBAUER,-1,unknown
,1,very high
,2,high
,3,average
,4,low
,5,very low
FINANZ_MINIMALIST,-1,unknown
,1,very high
,2,high
,3,average
,4,low
,5,very low
FINANZ_SPARER,-1,unknown
,1,very high
,2,high
,3,average
,4,low
,5,very low
FINANZ_UNAUFFAELLIGER,-1,unknown
,1,very high
,2,high
,3,average
,4,low
,5,very low
FINANZ_VORSORGER,-1,unknown
,1,very high
,2,high
,3,average
,4,low
,5,very low
GEBAEUDETYP,"-1, 0",unknown
,1,residental building
,2,residental building buildings without actually known household
,3,mixed (=residential and company) building 
,4,mixed building without actually known household or comapny 
,5,company building w/o known company 
,6,mixed building without actually known household 
,7,company building
,8,mixed building without actually known company 
GEBAEUDETYP_RASTER,1,business cell
,2,mixed cell with high business share
,3,mixed cell with middle business share
,4,mixed cell with low business share
,5,residential cell
GEBURTSJAHR,…,numeric value
GFK_URLAUBERTYP,1,Event travelers
,2,Family-oriented vacationists
,3,Winter sportspeople
,4,Culture lovers
,5,Nature fans
,6,Hiker
,7,Golden ager
,8,Homeland-connected vacationists 
,9,Package tour travelers
,10,Connoisseurs
,11,Active families
,12,without vacation
GEOSCORE_KLS7,"-1, 0",unknown
,1,almost no risk
,2,risk below average
,3,risk slightly below average
,4,average risk
,5,risk slightly above average
,6,risk above average
,7,highest risk
GREEN_AVANTGARDE,0,doesn't belong to the green avantgarde
,1,belongs to the green avantgarde
HAUSHALTSSTRUKTUR,"-1, 0",unknown
,1,"single-person-houshold, male, w/o child "
,2,"single-person-houshold, female, w/o child "
,3,"single-person-houshold, w/ child"
,4,more-person-household with similar title and dissimilar surname (indication of flat share or similar) 
,5,more-person-household with similar title and similar surname (indication of generation-HH or similar) 
,6,"more-person-household with dissimilar title and dissimilar surname w/o child (married couples, flat sharing or respectively couples with dissimal surname w/o child)  "
,7,more-person-household with dissimilar title and similar surname w/o child (families w/o child) 
,8,"more-person-household with dissimilar title and dissimilar surname w child (married couples, flat sharing or respectively couples with dissimal surname w child) "
,9,more-person-household with dissimilar title and similar surname w child (family w child) 
HEALTH_TYP,-1,unknown
,0,classification not possible
,1,critical reserved 
,2,sanitary affine  
,3,jaunty hedonists 
HH_EINKOMMEN_SCORE,"-1, 0",unknown
,1,highest income
,2,very high income
,3,high income
,4,average income
,5,lower income
,6,very low income
INNENSTADT,-1,unknown
,1,city centre
,2,distance to the city centre 3 km
,3,distance to the city centre 3-5 km
,4,distance to the city centre 5-10 km
,5,distance to the city centre 10-20 km
,6,distance to the city centre 20-30 km
,7,distance to the city centre 30-40 km
,8,distance to the city centre > 40 km
KBA05_ALTER1,"-1, 9",unknown
,0,none
,1,low
,2,average
,3,high
,4,very high
KBA05_ALTER2,"-1, 9",unknown
,1,very low
,2,low
,3,average
,4,high
,5,very high
KBA05_ALTER3,"-1, 9",unknown
,1,very low
,2,low
,3,average
,4,high
,5,very high
KBA05_ALTER4,"-1, 9",unknown
,0,none
,1,very low
,2,low
,3,average
,4,high
,5,very high
KBA05_ANHANG,"-1, 9",unknown
,0,none
,1,some
,2,some more
,3,very many
KBA05_ANTG1,-1,unknown
,0,no 1-2 family homes
,1,lower share of 1-2 family homes
,2,average share of 1-2 family homes
,3,high share of 1-2 family homes
,4,very high share of 1-2 family homes
KBA05_ANTG2,-1,unknown
,0,no 3-5 family homes
,1,lower share of 3-5 family homes
,2,average share of 3-5 family homes
,3,high share of 3-5 family homes
,4,very high share of 3-5 family homes
KBA05_ANTG3,-1,unknown
,0,no 6-10 family homes
,1,lower share of 6-10 family homes
,2,average share of 6-10 family homes
,3,high share of 6-10 family homes
KBA05_ANTG4,-1,unknown
,0,no >10 family homes
,1,lower share of >10 family homes
,2,high share of >10 family homes
KBA05_AUTOQUOT,1,very low car quote
,2,low car quote
,3,average car quote
,4,high car quote
,5,very high car quote
,"-1, 9",unknown
KBA05_BAUMAX,"-1, 0",unknown
,1,mainly 1-2 family homes in the microcell
,2,mainly 3-5 family homes in the microcell
,3,mainly 6-10 family homes in the microcell
,4,mainly>10 family homes in the microcell
,5,mainly business buildings in the microcell
KBA05_CCM1,"-1, 9",unknown
,1,very low
,2,low
,3,average
,4,high
,5,very high
KBA05_CCM2,"-1, 9",unknown
,1,very low
,2,low
,3,average
,4,high
,5,very high
KBA05_CCM3,"-1, 9",unknown
,1,very low
,2,low
,3,average
,4,high
,5,very high
KBA05_CCM4,"-1, 9",unknown
,0,none
,1,low
,2,average
,3,high
,4,very high
KBA05_DIESEL,"-1, 9",unknown
,0,none
,1,very low
,2,low
,3,average
,4,high
KBA05_FRAU,"-1, 9",unknown
,1,very low
,2,low
,3,average
,4,high
,5,very high
KBA05_GBZ,"-1, 0",unknown
,1,1-2 buildings
,2,3-4 buildings
,3,5-16 buildings
,4,17-22 buildings
,5,>=23 buildings
KBA05_HERST1,"-1, 9",unknown
,0,none
,1,very low
,2,low
,3,average
,4,high
,5,very high
KBA05_HERST2,"-1, 9",unknown
,0,none
,1,very low
,2,low
,3,average
,4,high
,5,very high
KBA05_HERST3,"-1, 9",unknown
,0,none
,1,very low
,2,low
,3,average
,4,high
,5,very high
KBA05_HERST4,"-1, 9",unknown
,0,none
,1,very low
,2,low
,3,average
,4,high
,5,very high
KBA05_HERST5,"-1, 9",unknown
,0,none
,1,very low
,2,low
,3,average
,4,high
,5,very high
KBA05_HERSTTEMP,"-1, 9",unknown
,1,promoted
,2,stayed upper level
,3,stayed lower/average level
,4,demoted
,5,new building
KBA05_KRSAQUOTRASHA,"-1, 9",unknown
,1,way below average
,2,below average
,3,average
,4,above average
,5,way above average
KBA05_KRSHERST1,"-1, 9",unknown
,1,way below average
,2,below average
,3,average
,4,above average
,5,way above average
KBA05_KRSHERST2,"-1, 9",unknown
,1,way below average
,2,below average
,3,average
,4,above average
,5,way above average
KBA05_KRSHERST3,"-1, 9",unknown
,1,way below average
,2,below average
,3,average
,4,above average
,5,way above average
KBA05_KRSKLEIN,"-1, 9",unknown
,1,below average
,2,average
,3,above average
KBA05_KRSOBER,"-1, 9",unknown
,1,below average
,2,average
,3,above average
KBA05_KRSVAN,"-1, 9",unknown
,1,below average
,2,average
,3,above average
KBA05_KRSZUL,"-1, 9",unknown
,1,below average
,2,average
,3,above average
KBA05_KW1,"-1, 9",unknown
,1,very low
,2,low
,3,average
,4,high
,5,very high
KBA05_KW2,"-1, 9",unknown
,1,very low
,2,low
,3,average
,4,high
,5,very high
KBA05_KW3,"-1, 9",unknown
,0,none
,1,low
,2,average
,3,high
,4,very high
KBA05_MAXAH,"-1, 9",unknown
,1,below 30 years
,2,30 - 40 years
,3,40 - 50 years
,4,50 - 60 years
,5,elder than 60 years
KBA05_MAXBJ,"-1, 9",unknown
,1,before 1994
,2,1994 - 1997
,3,1998 - 2000
,4,since 2001
KBA05_MAXHERST,"-1, 9",unknown
,1,Top-German
,2,VW-Audi
,3,Ford/Opel
,4,European
,5,Asian
KBA05_MAXSEG,"-1, 9",unknown
,1,small car
,2,lower middleclass car
,3,middle class car
,4,upper class car
KBA05_MAXVORB,"-1, 9",unknown
,1,no preowner
,2,1 preowner
,3,2 or more preowner
KBA05_MOD1,"-1, 9",unknown
,0,none
,1,low
,2,average
,3,high
,4,very high
KBA05_MOD2,"-1, 9",unknown
,1,very low
,2,low
,3,average
,4,high
,5,very high
KBA05_MOD3,"-1, 9",unknown
,1,very low
,2,low
,3,average
,4,high
,5,very high
KBA05_MOD4,"-1, 9",unknown
,0,none
,1,very low
,2,low
,3,average
,4,high
,5,very high
KBA05_MOD8,"-1, 9",unknown
,0,none
,1,low
,2,average
,3,high
KBA05_MODTEMP,"-1, 9",unknown
,1,promoted
,2,stayed upper level
,3,stayed lower/average level
,4,demoted
,5,new building
KBA05_MOTOR,"-1, 9",unknown
,1,very small engine
,2,small engine
,3,average engine
,4,big engine
KBA05_MOTRAD,"-1, 9",unknown
,0,none
,1,some
,2,some more
,3,very many
KBA05_SEG1,"-1, 9",unknown
,0,none
,1,low
,2,average
,3,high
KBA05_SEG10,"-1, 9",unknown
,0,none
,1,very low
,2,low
,3,average
,4,high
KBA05_SEG2,"-1, 9",unknown
,1,very low
,2,low
,3,average
,4,high
,5,very high
KBA05_SEG3,"-1, 9",unknown
,1,very low
,2,low
,3,average
,4,high
,5,very high
KBA05_SEG4,"-1, 9",unknown
,1,very low
,2,low
,3,average
,4,high
,5,very high
KBA05_SEG5,"-1, 9",unknown
,0,none
,1,very low
,2,low
,3,average
,4,high
KBA05_SEG6,"-1, 9",unknown
,0,none
,1,some
KBA05_SEG7,"-1, 9",unknown
,0,none
,1,low
,2,average
,3,high
KBA05_SEG8,"-1, 9",unknown
,0,none
,1,low
,2,average
,3,high
KBA05_SEG9,"-1, 9",unknown
,0,none
,1,low
,2,average
,3,high
KBA05_VORB0,"-1, 9",unknown
,1,very low
,2,low
,3,average
,4,high
,5,very high
KBA05_VORB1,"-1, 9",unknown
,1,very low
,2,low
,3,average
,4,high
,5,very high
KBA05_VORB2,"-1, 9",unknown
,0,none
,1,very low
,2,low
,3,average
,4,high
,5,very high
KBA05_ZUL1,"-1, 9",unknown
,1,very low
,2,low
,3,average
,4,high
,5,very high
KBA05_ZUL2,"-1, 9",unknown
,1,very low
,2,low
,3,average
,4,high
,5,very high
KBA05_ZUL3,"-1, 9",unknown
,0,none
,1,very low
,2,low
,3,average
,4,high
,5,very high
KBA05_ZUL4,"-1, 9",unknown
,0,none
,1,very low
,2,low
,3,average
,4,high
,5,very high
KBA13_ALTERHALTER_30,-1,unknown
,0,none
,1,very low
,2,low
,3,average
,4,high
,5,very high
KBA13_ALTERHALTER_45,-1,unknown
,0,none
,1,very low
,2,low
,3,average
,4,high
,5,very high
KBA13_ALTERHALTER_60,-1,unknown
,0,none
,1,very low
,2,low
,3,average
,4,high
,5,very high
KBA13_ALTERHALTER_61,-1,unknown
,0,none
,1,very low
,2,low
,3,average
,4,high
,5,very high
KBA13_ANZAHL_PKW,…,numeric value
KBA13_AUDI,-1,unknown
,0,none
,1,very low
,2,low
,3,average
,4,high
,5,very high
KBA13_AUTOQUOTE,-1,unknown
,0,none
,1,very low
,2,low
,3,average
,4,high
,5,very high
KBA13_BJ_1999,-1,unknown
,0,none
,1,very low
,2,low
,3,average
,4,high
,5,very high
KBA13_BJ_2000,-1,unknown
,0,none
,1,very low
,2,low
,3,average
,4,high
,5,very high
KBA13_BJ_2004,-1,unknown
,0,none
,1,very low
,2,low
,3,average
,4,high
,5,very high
KBA13_BJ_2006,-1,unknown
,0,none
,1,very low
,2,low
,3,average
,4,high
,5,very high
KBA13_BJ_2008,-1,unknown
,0,none
,1,very low
,2,low
,3,average
,4,high
,5,very high
KBA13_BJ_2009,-1,unknown
,0,none
,1,very low
,2,low
,3,average
,4,high
,5,very high
KBA13_BMW,-1,unknown
,0,none
,1,very low
,2,low
,3,average
,4,high
,5,very high
KBA13_CCM_1000,-1,unknown
,0,none
,1,very low
,2,low
,3,average
,4,high
,5,very high
KBA13_CCM_1200,-1,unknown
,0,none
,1,very low
,2,low
,3,average
,4,high
,5,very high
KBA13_CCM_1400,-1,unknown
,0,none
,1,very low
,2,low
,3,average
,4,high
,5,very high
KBA13_CCM_0_1400,-1,unknown
,0,none
,1,very low
,2,low
,3,average
,4,high
,5,very high
KBA13_CCM_1500,-1,unknown
,0,none
,1,very low
,2,low
,3,average
,4,high
,5,very high
KBA13_CCM_1400_2500,-1,unknown
,0,none
,1,very low
,2,low
,3,average
,4,high
,5,very high
KBA13_CCM_1600,-1,unknown
,0,none
,1,very low
,2,low
,3,average
,4,high
,5,very high
KBA13_CCM_1800,-1,unknown
,0,none
,1,very low
,2,low
,3,average
,4,high
,5,very high
KBA13_CCM_2000,-1,unknown
,0,none
,1,very low
,2,low
,3,average
,4,high
,5,very high
KBA13_CCM_2500,-1,unknown
,0,none
,1,very low
,2,low
,3,average
,4,high
,5,very high
KBA13_CCM_2501,-1,unknown
,0,none
,1,very low
,2,low
,3,average
,4,high
,5,very high
KBA13_CCM_3000,-1,unknown
,0,none
,1,very low
,2,low
,3,average
,4,high
,5,very high
KBA13_CCM_3001,-1,unknown
,0,none
,1,very low
,2,low
,3,average
,4,high
,5,very high
KBA13_FAB_ASIEN,-1,unknown
,0,none
,1,very low
,2,low
,3,average
,4,high
,5,very high
KBA13_FAB_SONSTIGE,-1,unknown
,0,none
,1,very low
,2,low
,3,average
,4,high
,5,very high
KBA13_FIAT,-1,unknown
,0,none
,1,very low
,2,low
,3,average
,4,high
,5,very high
KBA13_FORD,-1,unknown
,0,none
,1,very low
,2,low
,3,average
,4,high
,5,very high
KBA13_HALTER_20,-1,unknown
,0,none
,1,very low
,2,low
,3,average
,4,high
,5,very high
KBA13_HALTER_25,-1,unknown
,0,none
,1,very low
,2,low
,3,average
,4,high
,5,very high
KBA13_HALTER_30,-1,unknown
,0,none
,1,very low
,2,low
,3,average
,4,high
,5,very high
KBA13_HALTER_35,-1,unknown
,0,none
,1,very low
,2,low
,3,average
,4,high
,5,very high
KBA13_HALTER_40,-1,unknown
,0,none
,1,very low
,2,low
,3,average
,4,high
,5,very high
KBA13_HALTER_45,-1,unknown
,0,none
,1,very low
,2,low
,3,average
,4,high
,5,very high
KBA13_HALTER_50,-1,unknown
,0,none
,1,very low
,2,low
,3,average
,4,high
,5,very high
KBA13_HALTER_55,-1,unknown
,0,none
,1,very low
,2,low
,3,average
,4,high
,5,very high
KBA13_HALTER_60,-1,unknown
,0,none
,1,very low
,2,low
,3,average
,4,high
,5,very high
KBA13_HALTER_65,-1,unknown
,0,none
,1,very low
,2,low
,3,average
,4,high
,5,very high
KBA13_HALTER_66,-1,unknown
,0,none
,1,very low
,2,low
,3,average
,4,high
,5,very high
KBA13_HERST_ASIEN,-1,unknown
,0,none
,1,very low
,2,low
,3,average
,4,high
,5,very high
KBA13_HERST_AUDI_VW,-1,unknown
,0,none
,1,very low
,2,low
,3,average
,4,high
,5,very high
KBA13_HERST_BMW_BENZ,-1,unknown
,0,none
,1,very low
,2,low
,3,average
,4,high
,5,very high
KBA13_HERST_EUROPA,-1,unknown
,0,none
,1,very low
,2,low
,3,average
,4,high
,5,very high
KBA13_HERST_FORD_OPEL,-1,unknown
,0,none
,1,very low
,2,low
,3,average
,4,high
,5,very high
KBA13_HERST_SONST,-1,unknown
,0,none
,1,very low
,2,low
,3,average
,4,high
,5,very high
KBA13_KMH_110,-1,unknown
,0,none
,1,very low
,2,low
,3,average
,4,high
,5,very high
KBA13_KMH_140,-1,unknown
,0,none
,1,very low
,2,low
,3,average
,4,high
,5,very high
KBA13_KMH_180,-1,unknown
,0,none
,1,very low
,2,low
,3,average
,4,high
,5,very high
KBA13_KMH_0_140,-1,unknown
,0,none
,1,very low
,2,low
,3,average
,4,high
,5,very high
KBA13_KMH_140_210,-1,unknown
,0,none
,1,very low
,2,low
,3,average
,4,high
,5,very high
KBA13_KMH_211,-1,unknown
,0,none
,1,very low
,2,low
,3,average
,4,high
,5,very high
KBA13_KMH_250,-1,unknown
,0,none
,1,very low
,2,low
,3,average
,4,high
,5,very high
KBA13_KMH_251,-1,unknown
,0,none
,1,very low
,2,low
,3,average
,4,high
,5,very high
KBA13_KRSAQUOT,-1,unknown
,0,none
,1,very low
,2,low
,3,average
,4,high
,5,very high
KBA13_KRSHERST_AUDI_VW,-1,unknown
,0,none
,1,very low
,2,low
,3,average
,4,high
,5,very high
KBA13_KRSHERST_BMW_BENZ,-1,unknown
,0,none
,1,very low
,2,low
,3,average
,4,high
,5,very high
KBA13_KRSHERST_FORD_OPEL,-1,unknown
,0,none
,1,very low
,2,low
,3,average
,4,high
,5,very high
KBA13_KRSSEG_KLEIN,-1,unknown
,0,none
,1,low
,2,average
,3,high
KBA13_KRSSEG_OBER,-1,unknown
,0,none
,1,low
,2,average
,3,high
KBA13_KRSSEG_VAN,-1,unknown
,0,none
,1,low
,2,average
,3,high
KBA13_KRSZUL_NEU,-1,unknown
,0,none
,1,low
,2,average
,3,high
KBA13_KW_30,-1,unknown
,0,none
,1,very low
,2,low
,3,average
,4,high
,5,very high
KBA13_KW_40,-1,unknown
,0,none
,1,very low
,2,low
,3,average
,4,high
,5,very high
KBA13_KW_50,-1,unknown
,0,none
,1,very low
,2,low
,3,average
,4,high
,5,very high
KBA13_KW_60,-1,unknown
,0,none
,1,very low
,2,low
,3,average
,4,high
,5,very high
KBA13_KW_0_60,-1,unknown
,0,none
,1,very low
,2,low
,3,average
,4,high
,5,very high
KBA13_KW_70,-1,unknown
,0,none
,1,very low
,2,low
,3,average
,4,high
,5,very high
KBA13_KW_61_120,-1,unknown
,0,none
,1,very low
,2,low
,3,average
,4,high
,5,very high
KBA13_KW_80,-1,unknown
,0,none
,1,very low
,2,low
,3,average
,4,high
,5,very high
KBA13_KW_90,-1,unknown
,0,none
,1,very low
,2,low
,3,average
,4,high
,5,very high
KBA13_KW_110,-1,unknown
,0,none
,1,very low
,2,low
,3,average
,4,high
,5,very high
KBA13_KW_120,-1,unknown
,0,none
,1,very low
,2,low
,3,average
,4,high
,5,very high
KBA13_KW_121,-1,unknown
,0,none
,1,very low
,2,low
,3,average
,4,high
,5,very high
KBA13_MAZDA,-1,unknown
,0,none
,1,very low
,2,low
,3,average
,4,high
,5,very high
KBA13_MERCEDES,-1,unknown
,0,none
,1,very low
,2,low
,3,average
,4,high
,5,very high
KBA13_MOTOR,-1,unknown
,0,none
,1,mainly small engines
,2,mainly medium sized engines
,3,mainly high engines
,4,mainly very big engines
KBA13_NISSAN,-1,unknown
,0,none
,1,very low
,2,low
,3,average
,4,high
,5,very high
KBA13_OPEL,-1,unknown
,0,none
,1,very low
,2,low
,3,average
,4,high
,5,very high
KBA13_PEUGEOT,-1,unknown
,0,none
,1,very low
,2,low
,3,average
,4,high
,5,very high
KBA13_RENAULT,-1,unknown
,0,none
,1,very low
,2,low
,3,average
,4,high
,5,very high
KBA13_SEG_GELAENDEWAGEN,-1,unknown
,0,none
,1,very low
,2,low
,3,average
,4,high
,5,very high
KBA13_SEG_GROSSRAUMVANS,-1,unknown
,0,none
,1,very low
,2,low
,3,average
,4,high
,5,very high
KBA13_SEG_KLEINST,-1,unknown
,0,none
,1,very low
,2,low
,3,average
,4,high
,5,very high
KBA13_SEG_KLEINWAGEN,-1,unknown
,0,none
,1,very low
,2,low
,3,average
,4,high
,5,very high
KBA13_SEG_KOMPAKTKLASSE,-1,unknown
,0,none
,1,very low
,2,low
,3,average
,4,high
,5,very high
KBA13_SEG_MINIVANS,-1,unknown
,0,none
,1,very low
,2,low
,3,average
,4,high
,5,very high
KBA13_SEG_MINIWAGEN,-1,unknown
,0,none
,1,very low
,2,low
,3,average
,4,high
,5,very high
KBA13_SEG_MITTELKLASSE,-1,unknown
,0,none
,1,very low
,2,low
,3,average
,4,high
,5,very high
KBA13_SEG_OBEREMITTELKLASSE,-1,unknown
,0,none
,1,very low
,2,low
,3,average
,4,high
,5,very high
KBA13_SEG_OBERKLASSE,-1,unknown
,0,none
,1,very low
,2,low
,3,average
,4,high
,5,very high
KBA13_SEG_SONSTIGE,-1,unknown
,0,none
,1,very low
,2,low
,3,average
,4,high
,5,very high
KBA13_SEG_SPORTWAGEN,-1,unknown
,0,none
,1,very low
,2,low
,3,average
,4,high
,5,very high
KBA13_SEG_UTILITIES,-1,unknown
,0,none
,1,very low
,2,low
,3,average
,4,high
,5,very high
KBA13_SEG_VAN,-1,unknown
,0,none
,1,very low
,2,low
,3,average
,4,high
,5,very high
KBA13_SEG_WOHNMOBILE,-1,unknown
,0,none
,1,very low
,2,low
,3,average
,4,high
,5,very high
KBA13_SITZE_4,-1,unknown
,0,none
,1,very low
,2,low
,3,average
,4,high
,5,very high
KBA13_SITZE_5,-1,unknown
,0,none
,1,very low
,2,low
,3,average
,4,high
,5,very high
KBA13_SITZE_6,-1,unknown
,0,none
,1,very low
,2,low
,3,average
,4,high
,5,very high
KBA13_TOYOTA,-1,unknown
,0,none
,1,very low
,2,low
,3,average
,4,high
,5,very high
KBA13_VORB_0,-1,unknown
,0,none
,1,very low
,2,low
,3,average
,4,high
,5,very high
KBA13_VORB_1,-1,unknown
,0,none
,1,very low
,2,low
,3,average
,4,high
,5,very high
KBA13_VORB_1_2,-1,unknown
,0,none
,1,very low
,2,low
,3,average
,4,high
,5,very high
KBA13_VORB_2,-1,unknown
,0,none
,1,very low
,2,low
,3,average
,4,high
,5,very high
KBA13_VORB_3,-1,unknown
,0,none
,1,very low
,2,low
,3,average
,4,high
,5,very high
KBA13_VW,-1,unknown
,0,none
,1,very low
,2,low
,3,average
,4,high
,5,very high
KKK,"-1, 0",unknown
,1,very high
,2,high
,3,average
,4,low
KONSUMNAEHE,1,"building is located in a 125 x 125m-grid cell (RA1), which is a consumption cell"
,2,"building is located in a 250 x 250m-grid cell, which includes at least one RA1-consumption cell"
,3,"building is located in a 500 x 500m-grid cell, which includes at least one RA1-consumption cell"
,4,"building is located in a 1 x 1km-grid cell, which includes at least one RA1-consumption cell"
,5,"building is located in a 2 x 2km-grid cell, which includes at least one RA1-consumption cell"
,6,"building is located in a 10 x 10km-grid cell, which includes at least one RA1-consumption cell"
,7,building is not located in a 10 x 10km-range to a a consumption cell
LP_FAMILIE_FEIN,1,single 
,2,couple
,3,young single parent 
,4,single parent with teenager
,5,single parent with child of full age
,6,young family 
,7,family with teenager 
,8,family with child of full age
,9,shared flat
,10,two-generational household
,11,multi-generational household
LP_FAMILIE_GROB,1,single 
,2,couple
,3,single parent
,4,
,5,
,6,family
,7,
,8,
,9,multiperson household
,10,
,11,
LP_LEBENSPHASE_FEIN,1,single low-income earners of younger age
,2,single low-income earners of middle age
,3,single average earners of younger age 
,4,single average earners of middle age
,5,single low-income earners of advanced age
,6,single low-income earners at retirement age 
,7,single average earners of advanced age
,8,single average earners at retirement age
,9,single independant persons
,10,wealthy single homeowners
,11,single homeowners of advanced age
,12,single homeowners at retirement age
,13,single top earners of higher age 
,14,low-income- and average earner-couples of younger age
,15,low-income earner-couples of higher age
,16,average earner-couples of higher age 
,17,independant couples
,18,wealthy homeowner-couples of younger age 
,19,homeowner-couples of higher age
,20,top earner-couples of higher age
,21,single parent low-income earners
,22,single parent average earners
,23,single parent high-income earners
,24,low-income earner-families
,25,average earner-families 
,26,independant families
,27,homeowner-families
,28,top earner-families
,29,low-income earners of younger age from mulitperson households
,30,average earners of younger age from mulitperson households
,31,low-income earners of higher age from mulitperson households
,32,average earners of higher age from mulitperson households
,33,independant persons of younger age from mulitperson households
,34,homeowners of younger age from mulitperson households
,35,top earners of younger age from mulitperson households
,36,independant persons of higher age from mulitperson households
,37,homeowners of advanced age from mulitperson households
,38,homeowners at retirement age from mulitperson households
,39,top earners of middle age from mulitperson households
,40,top earners at retirement age from mulitperson households
LP_LEBENSPHASE_GROB,1,single low-income- and average earners of younger age 
,2,single low-income- and average earners of higher age 
,3,single high-income earners
,4,single low-income- and average earner-couples 
,5,single high-income earner-couples
,6,single parents
,7,single low-income- and average earner-families
,8,high-income earner-families
,9,average earners of younger age from mulitperson households
,10,low-income- and average earners of higher age from mulitperson households
,11,high-income earners of younger age from multiperson households
,12,high-income earners of higher age from multiperson households
LP_STATUS_FEIN,1,typical low-income earners
,2,orientationseeking low-income earners
,3,aspiring low-income earners 
,4,villagers
,5,minimalistic high-income earners
,6,independant workers
,7,title holder-households
,8,new houseowners
,9,houseowners
,10,top earners 
LP_STATUS_GROB,1,low-income earners
,2,
,3,average earners
,4,
,5,
,6,independants
,7,
,8,houseowners
,9,
,10,top earners 
MIN_GEBAEUDEJAHR,…,numeric value
MOBI_REGIO,1,very high mobility
,2,high mobility
,3,middle mobility
,4,low mobility
,5,very low mobility 
,6,none
NATIONALITAET_KZ,"-1, 0",unknown
,1,sounding german
,2,sounding foreign
,3,assimilated names
ONLINE_AFFINITAET,0,none
,1,low
,2,middle
,3,high
,4,very high
,5,highest  
ORTSGR_KLS9,-1,unknown
,1,<= 2.000 inhabitants
,2,2.001 to 5.000 inhabitants
,3,5.001 to 10.000 inhabitants
,4,10.001 to 20.000 inhabitants
,5,20.001 to 50.000 inhabitants
,6,50.001 to 100.000 inhabitants
,7,100.001 to 300.000 inhabitants
,8,300.001 to 700.000 inhabitants
,9,> 700.000  inhabitants
OST_WEST_KZ,-1,unknown
,O,East (GDR)
,W,West (FRG)
PLZ8_ANTG1,-1,unknown
,0,none
,1,low share
,2,average share
,3,high share
,4,very high share
PLZ8_ANTG2,-1,unknown
,0,none
,1,low share
,2,average share
,3,high share
,4,very high share
PLZ8_ANTG3,-1,unknown
,0,none
,1,low share
,2,average share
,3,high share
PLZ8_ANTG4,-1,unknown
,0,none
,1,low share
,2,high share
PLZ8_BAUMAX,1,mainly 1-2 family homes
,2,mainly 3-5 family homes
,3,mainly 6-10 family homes
,4,mainly >10 family homes
,5,mainly business building
PLZ8_GBZ,-1,unknown
,1,less than 60 buildings
,2,60-129 buildings
,3,130-299 buildings
,4,300-449 buildings
,5,more than 449 buildings
PLZ8_HHZ,-1,unknown
,1,less than 130 households
,2,131-299 households
,3,300-599 households
,4,600-849 households
,5,more than 849 households
PRAEGENDE_JUGENDJAHRE,"-1, 0",unknown
,1,"40ies - war years (Mainstream, O+W)"
,2,"40ies - reconstruction years (Avantgarde, O+W)"
,3,"50ies - economic miracle (Mainstream, O+W)"
,4,"50ies - milk bar / Individualisation (Avantgarde, O+W)"
,5,"60ies - economic miracle (Mainstream, O+W)"
,6,"60ies - generation 68 / student protestors (Avantgarde, W)"
,7,"60ies - opponents to the building of the Wall (Avantgarde, O)"
,8,"70ies - family orientation (Mainstream, O+W)"
,9,"70ies - peace movement (Avantgarde, O+W)"
,10,"80ies - Generation Golf (Mainstream, W)"
,11,"80ies - ecological awareness (Avantgarde, W)"
,12,"80ies - FDJ / communist party youth organisation (Mainstream, O)"
,13,"80ies - Swords into ploughshares (Avantgarde, O)"
,14,"90ies - digital media kids (Mainstream, O+W)"
,15,"90ies - ecological awareness (Avantgarde, O+W)"
REGIOTYP,"-1, 0",unknown
,1,upper class
,2,conservatives
,3,upper middle class
,4,middle class
,5,lower middle class
,6,traditional workers
,7,marginal groups
RELAT_AB,1,very low
,2,low
,3,average
,4,high
,5,very high
,"-1, 9",unknown
RETOURTYP_BK_S,0,unknown
,1,influenceable Crazy-Shopper
,2,demanding Heavy-Returner
,3,incentive-receptive Normal-Returner
,4,conservative Low-Returner
,5,determined Minimal-Returner
SEMIO_DOM,"-1, 9",unknown
,1,highest affinity
,2,very high affinity
,3,high affinity
,4,average affinity
,5,low affinity
,6,very low affinity
,7,lowest affinity
SEMIO_ERL,"-1, 9",unknown
,1,highest affinity
,2,very high affinity
,3,high affinity
,4,average affinity
,5,low affinity
,6,very low affinity
,7,lowest affinity
SEMIO_FAM,"-1, 9",unknown
,1,highest affinity
,2,very high affinity
,3,high affinity
,4,average affinity
,5,low affinity
,6,very low affinity
,7,lowest affinity
SEMIO_KAEM,"-1, 9",unknown
,1,highest affinity
,2,very high affinity
,3,high affinity
,4,average affinity
,5,low affinity
,6,very low affinity
,7,lowest affinity
SEMIO_KRIT,"-1, 9",unknown
,1,highest affinity
,2,very high affinity
,3,high affinity
,4,average affinity
,5,low affinity
,6,very low affinity
,7,lowest affinity
SEMIO_KULT,"-1, 9",unknown
,1,highest affinity
,2,very high affinity
,3,high affinity
,4,average affinity
,5,low affinity
,6,very low affinity
,7,lowest affinity
SEMIO_LUST,"-1, 9",unknown
,1,highest affinity
,2,very high affinity
,3,high affinity
,4,average affinity
,5,low affinity
,6,very low affinity
,7,lowest affinity
SEMIO_MAT,"-1, 9",unknown
,1,highest affinity
,2,very high affinity
,3,high affinity
,4,average affinity
,5,low affinity
,6,very low affinity
,7,lowest affinity
SEMIO_PFLICHT,"-1, 9",unknown
,1,highest affinity
,2,very high affinity
,3,high affinity
,4,average affinity
,5,low affinity
,6,very low affinity
,7,lowest affinity
SEMIO_RAT,"-1, 9",unknown
,1,highest affinity
,2,very high affinity
,3,high affinity
,4,average affinity
,5,low affinity
,6,very low affinity
,7,lowest affinity
SEMIO_REL,"-1, 9",unknown
,1,highest affinity
,2,very high affinity
,3,high affinity
,4,average affinity
,5,low affinity
,6,very low affinity
,7,lowest affinity
SEMIO_SOZ,"-1, 9",unknown
,1,highest affinity
,2,very high affinity
,3,high affinity
,4,average affinity
,5,low affinity
,6,very low affinity
,7,lowest affinity
SEMIO_TRADV,"-1, 9",unknown
,1,highest affinity
,2,very high affinity
,3,high affinity
,4,average affinity
,5,low affinity
,6,very low affinity
,7,lowest affinity
SEMIO_VERT,"-1, 9",unknown
,1,highest affinity
,2,very high affinity
,3,high affinity
,4,average affinity
,5,low affinity
,6,very low affinity
,7,lowest affinity
SHOPPER_TYP,-1,unknown
,0,external supplied hedonists 
,1,Shopping-stressed
,2,family-shopper
,3,demanding shopper
SOHO_FLAG,-1,unknown
,0,no small office/home office
,1,small office/home office
TITEL_KZ,"-1, 0",unknown
,1,Dr.
,2,Dr. Dr.
,3,Prof.
,4,Prof. Dr.
,5,other
VERS_TYP,-1,unknown
,1,social-safety driven
,2,individualistic-accepting risks
WOHNDAUER_2008,"-1, 0",unknown
,1,length of residence below 1 year
,2,length of residence 1-2 years
,3,length of residence 2-3 years
,4,length of residence 3-4 years
,5,length of residence 4-5 years
,6,length of residence 5-6 years
,7,length of residence 6-7 years
,8,length of residence 7-10 years
,9,length of residence more than 10 years
WOHNLAGE,-1,unknown
,0,no score calculated
,1,very good neighbourhood
,2,good neighbourhood
,3,average neighbourhood
,4,poor neighbourhood
,5,very poor neighbourhood
,7,rural neighbourhood
,8,new building in rural neighbourhood
WACHSTUMSGEBIET_NB,"-1, 0",unknown
,1,very high influx
,2,high influx
,3,middle influx
,4,low influx
,5,development area
W_KEIT_KIND_HH,"-1, 0",unknown
,1,most likely
,2,very likely
,3,likely
,4,average
,5,unlikely
,6,very unlikely
ZABEOTYP,"-1, 9",unknown
,1,green
,2,smart
,3,fair supplied
,4,price driven
,5,seeking orientation
,6,indifferent